model,MAE,RMSE,MAPE%
HoltWinters,24.533011058427522,29.439506757617984,34.50556991062617
SES,24.070475884611735,31.209596243297444,49.26275988316687
ARIMA,25.832163498361982,32.07867319131795,54.32924352374368
Holt,28.898148345514375,37.26566921667955,43.020475462186205
